{
  "task": "fault_type",
  "classes": [
    "Normal",
    "Balans",
    "Miknatis",
    "Pervane",
    "Rulman"
  ],
  "num_classes": 5,
  "model_name": "vit_base_patch16_224",
  "image_size": 224,
  "training_config": {
    "batch_size": 32,
    "num_epochs": 20,
    "learning_rate": 0.0001,
    "weight_decay": 0.0001
  },
  "test_results": {
    "accuracy": 0.9251054852320675,
    "classification_report": {
      "Normal": {
        "precision": 0.9289617486338798,
        "recall": 0.8947368421052632,
        "f1-score": 0.9115281501340483,
        "support": 190.0
      },
      "Balans": {
        "precision": 0.8866995073891626,
        "recall": 0.972972972972973,
        "f1-score": 0.9278350515463918,
        "support": 185.0
      },
      "Miknatis": {
        "precision": 0.9690721649484536,
        "recall": 0.9215686274509803,
        "f1-score": 0.9447236180904522,
        "support": 204.0
      },
      "Pervane": {
        "precision": 0.9180327868852459,
        "recall": 0.8936170212765957,
        "f1-score": 0.9056603773584906,
        "support": 188.0
      },
      "Rulman": {
        "precision": 0.9243243243243243,
        "recall": 0.9447513812154696,
        "f1-score": 0.9344262295081968,
        "support": 181.0
      },
      "accuracy": 0.9251054852320675,
      "macro avg": {
        "precision": 0.9254181064362133,
        "recall": 0.9255293690042563,
        "f1-score": 0.9248346853275159,
        "support": 948.0
      },
      "weighted avg": {
        "precision": 0.9262929634958289,
        "recall": 0.9251054852320675,
        "f1-score": 0.9250619721902782,
        "support": 948.0
      }
    }
  },
  "training_history": {
    "final_train_loss": 0.19417081920854715,
    "final_train_acc": 0.9318541996830428,
    "final_val_loss": 0.24504768073432792,
    "final_val_acc": 0.9217758985200846
  },
  "created_at": "2026-01-05T03:42:56.073291"
}